name,real,user,system,filein,memory,fileout,swaps,socketin,command
maven3.3.9,152.41,330.60,3.97,54224,0,13048,0,0,/home/kruset/work/java/build-bench/caches/maven/maven3.3.9/bin/mvn -q -B -T 1C -gs /home/kruset/work/java/build-bench/buildsystems/maven/settings.xml package -Dsurefire.printSummary=false
ant_ivy1.9.7,317.60,601.04,22.39,45112,0,171096,0,0,/home/kruset/work/java/build-bench/caches/ant_ivy/ant_ivy1.9.7/bin/ant jar -q
leiningen2.7.1,528.22,388.64,20.80,94152,0,110904,0,0,sh -c /home/kruset/work/java/build-bench/caches/leiningen/leiningen2.7.1/lein junit && /home/kruset/work/java/build-bench/caches/leiningen/leiningen2.7.1/lein jar
sbt0.13.12,85.10,497.55,3.47,129688,0,11176,0,0,/home/kruset/work/java/build-bench/caches/sbt/sbt0.13.12/bin/sbt -java-home /usr/lib/jvm/java-8-oracle/ test package
pants1.1.0,154.21,339.26,2.56,118328,0,11248,0,0,/home/kruset/work/java/build-bench/caches/pants/pants test :test
gradle3.1,6.07,2.18,0.08,328,0,208,0,0,/home/kruset/work/java/build-bench/caches/gradle/gradle3.1/bin/gradle -q --info --stacktrace test jar
bazel0.3.1,0.25,0.00,0.00,0,0,16,0,0,/home/kruset/work/java/build-bench/caches/bazel/bazel0.3.1/bin/bazel --bazelrc=/home/kruset/work/java/build-bench/caches/bazel/bazel0.3.1/bazel.bazelrc --output_base=/home/kruset/work/java/build-bench/caches/bazel/bazel0.3.1/bazel_cache test --test_verbose_timeout_warnings --verbose_failures --legacy_bazel_java_test --javacopt=-extra_checks:off //:example_tests
buildr1.4.25,2.03,1.75,0.16,34336,0,0,0,0,/home/kruset/work/java/build-bench/caches/buildr/gems/buildr-1.4.25/bin/buildr -q parallel package
buckv2016.04.18.01,11.58,0.05,0.01,0,0,24,0,0,/home/kruset/work/java/build-bench/caches/buck/buckv2016.04.18.01/bin/buck test -v 0 --all
